종목코드,종목명,종가,대비,등락률,상장시가총액
"005930","삼성전자","451000","-3000","-0.66","66432000987000"
"005490","POSCO","380000","3000","0.80","33130997300000"
"015760","한국전력","29600","-250","-0.84","18990404275200"
"017670","SK텔레콤","209000","-500","-0.24","16969485599000"
"009540","현대중공업","199500","3000","1.53","15162000000000"
"105560","KB금융","33700","-800","-2.32","12009052054100"
"055550","신한지주","29700","-250","-0.83","11767127733900"
"033780","KT&G","79100","-1900","-2.35","10978486512700"
"066570","LG전자","74800","-100","-0.13","10819656487200"
"030200","KT","37500","-100","-0.27","10257588750000"
"004170","신세계","482000","10000","2.12","9090761000000"
"000810","삼성화재","188500","5000","2.72","8930156774500"
"005380","현대차","39500","0","0.00","8700920920500"
"034220","LG디스플레이","21000","0","0.00","7514129700000"
"003550","LG","42700","500","1.18","7368189493700"
"096770","SK에너지","75300","5300","7.57","6962656969200"
"010950","S-Oil","61500","-200","-0.32","6923841708000"
"034020","두산중공업","62900","2000","3.28","6601562570000"
"000720","현대건설","57100","-300","-0.52","6338006584400"
"035420","NHN","130000","3500","2.77","6256601520000"
"000830","삼성물산","39700","200","0.51","6201845230800"
"023530","롯데쇼핑","210000","14500","7.42","6099108540000"
"032390","KTF","31400","850","2.78","5911806457400"
"012330","현대모비스","63100","-200","-0.32","5526992541700"
"051910","LG화학","71000","300","0.42","5341952670000"
"010140","삼성중공업","22600","-300","-1.31","5217783723600"
"053000","우리금융","6350","-80","-1.24","5118197409000"
"011200","현대상선","37100","2050","5.85","4937016795900"
"010060","동양제철화학","220000","-3000","-1.35","4600112220000"
"029780","삼성카드","36700","400","1.10","4512591299700"
"036460","한국가스공사","57500","-1500","-2.54","4443859325000"
"003600","SK","94500","500","0.53","4437891234000"
"086790","하나금융지주","19500","500","2.63","4131106063500"
"016360","삼성증권","62000","-700","-1.12","4143780230000"
"004940","외환은행","6330","-30","-0.47","4082260208580"
"090430","아모레퍼시픽","654000","14000","2.19","3823185246000"
"000120","대한통운","89000","1600","1.83","3575728436000"
"024110","기업은행","7690","40","0.52","3403941072770"
"004020","현대제철","37600","500","1.35","3192161754400"
"000660","하이닉스","6700","60","0.90","3079338693000"
"002380","KCC","287500","0","0.00","3024500000000"
"006360","GS건설","58000","300","0.52","2958000000000"
"051900","LG생활건강","190000","3000","1.60","2967457430000"
"042660","대우조선해양","15350","0","0.00","2937848135300"
"037620","미래에셋증권","73100","-900","-1.22","2919105443300"
"035250","강원랜드","13650","150","1.11","2920287825000"
"047040","대우건설","8880","110","1.25","2892383263680"
"032640","LG텔레콤","9930","-170","-1.68","2753374809900"
"003490","대한항공","38000","-750","-1.94","2734921978000"
"010620","현대미포조선","135000","-3000","-2.17","2700000000000"
"078930","GS","26900","1150","4.47","2499423668200"
"009150","삼성전기","33300","-800","-2.35","2487300076800"
"006400","삼성SDI","55000","-300","-0.54","2505708755000"
"042670","두산인프라코어","14550","-550","-3.64","2447417437200"
"012630","현대산업","32450","50","0.15","2446216641000"
"006800","대우증권","12800","-550","-4.12","2433291404800"
"006260","LS","76300","0","0.00","2456860000000"
"000150","두산","96500","3100","3.32","2386714428000"
"000240","한국타이어","15300","300","2.00","2328505913700"
"000270","기아차","6550","20","0.31","2274359480250"
"012450","삼성테크윈","28500","200","0.71","2194500000000"
"047050","대우인터내셔","22700","650","2.95","2156245215200"
"000100","유한양행","220000","5000","2.33","2116373380000"
"012750","에스원","54000","1100","2.08","2051955612000"
"097950","CJ제일제당","179000","-5000","-2.72","2018527152000"
"001300","제일모직","40200","1300","3.34","2010000000000"
"001740","SK네트웍스","8400","230","2.82","2041173103200"
"021240","웅진코웨이","26650","650","2.50","1983612613450"
"028670","STX팬오션","9400","220","2.40","1935063752400"
"004990","롯데제과","1305000","10000","0.77","1854927000000"
"028050","삼성엔지니어링","43500","500","1.16","1740000000000"
"086280","글로비스","46700","2950","6.74","1751250000000"
"005940","우리투자증권","12550","-100","-0.79","1663048980650"
"011170","호남석유","51700","800","1.57","1647162000000"
"015940","LG데이콤","19900","-50","-0.25","1657414304900"
"001230","동국제강","26900","-200","-0.74","1663073401000"
"003450","현대증권","9690","-110","-1.12","1647300000000"
"000700","한진해운","18100","250","1.40","1599466175700"
"103150","하이트맥주","165500","-500","-0.30","1550596973000"
"000210","대림산업","44500","-150","-0.34","1548600000000"
"088980","맥쿼리인프라","4800","130","2.78","1552752979200"
"004370","농심","244500","4500","1.88","1487205969000"
"010120","LS산전","49200","2650","5.69","1476000000000"
"000880","한화","19250","650","3.49","1442955648750"
"069960","현대백화점","63400","-200","-0.31","1439542774800"
"097230","한진중공업","28600","0","0.00","1353847466400"
"004800","효성","38200","250","0.66","1341486781000"
"010130","고려아연","73100","1200","1.67","1379397000000"
"071050","한국금융지주","23850","150","0.63","1261097489250"
"003690","코리안리","10800","600","5.88","1230888808800"
"001450","현대해상","14100","-200","-1.40","1260540000000"
"005300","롯데칠성","957000","87000","10.00","1184003271000"
"003240","태광산업","1027000","37000","3.74","1143461800000"
"051600","한전KPS","25000","850","3.52","1125000000000"
"036570","엔씨소프트","52600","1400","2.73","1076955964800"
"001800","오리온","182500","16500","9.94","1086702637500"
"001040","CJ","40000","850","2.17","1101723440000"
"004000","삼성정밀화학","38450","300","0.79","992010000000"
"005830","동부화재","14500","-200","-1.36","1026600000000"
"008930","한미약품","108500","0","0.00","943729745000"
"000670","영풍","528000","-3000","-0.56","972597120000"
"000640","동아제약","94500","0","0.00","968908500000"
"067250","STX조선","12450","0","0.00","896400000000"
"005270","대구은행","6700","-50","-0.74","885237500000"
"030000","제일기획","195000","2000","1.04","897321555000"
"025860","남해화학","18400","500","2.79","914090711200"
"045820","LG파워콤","6500","50","0.78","867100000000"
"006280","녹십자","93400","2600","2.86","841671951800"
"005280","부산은행","5820","40","0.69","853698843000"
"001440","대한전선","17700","-500","-2.75","868361681400"
"002790","태평양","105000","1500","1.45","837805290000"
"009830","한화석화","6000","-150","-2.44","841701066000"
"018880","한라공조","7250","-80","-1.09","774010000000"
"005880","대한해운","66000","1500","2.33","760592778000"
"003470","동양종금증권","6050","-100","-1.63","708980636100"
"002550","LIG손해보험","11800","-100","-0.84","708000000000"
"068870","LG생명과학","39800","-100","-0.25","659764202000"
"003540","대신증권","13700","-250","-1.79","695595580000"
"011810","STX","16400","50","0.31","655038927200"
"093050","LG패션","21500","1400","6.97","628660000000"
"010520","현대하이스코","7450","280","3.91","597490000000"
"020560","아시아나항공","3460","35","1.02","606090770780"
"004690","삼천리","157000","12000","8.28","636638925000"
"001430","세아베스틸","16650","100","0.60","597104281350"
"002990","금호산업","12900","350","2.79","627230662800"
"034120","SBS","33100","0","0.00","604160464200"
"042100","현대오토넷","2515","70","2.86","582959641470"
"006120","SK케미칼","26950","-500","-1.82","561720116650"
"001200","유진투자증권","995","-45","-4.33","576225589025"
"029530","신도리코","54500","500","0.93","549361580500"
"001120","LG상사","14600","-50","-0.34","565896000000"
"011790","SKC","15800","-100","-0.63","572197995400"
"069620","대웅제약","51900","1400","2.77","526900166100"
"007310","오뚜기","144000","6000","4.35","495360000000"
"003410","쌍용양회","6680","580","9.51","498731712480"
"003300","한일시멘트","65500","-400","-0.61","494218001500"
"008770","호텔신라","12850","-350","-2.65","504338354850"
"064420","케이피케미칼","4490","140","3.22","441536641180"
"069260","휴켐스","21850","1050","5.05","465206864200"
"077970","STX엔진","15950","450","2.90","457395486350"
"011070","LG이노텍","37500","800","2.18","450780000000"
"011780","금호석유","18300","-350","-1.88","465267380100"
"017800","현대엘리베이","65000","6400","10.92","463613345000"
"005180","빙그레","43550","2050","4.94","429021545550"
"000060","메리츠화재","3620","-170","-4.49","448156000000"
"001510","SK증권","1340","0","0.00","428957009140"
"002320","한진","36300","-200","-0.55","434680012800"
"003000","부광약품","17650","550","3.22","477348221250"
"004150","한솔제지","10300","300","3.00","449332041000"
"017940","E1","69900","600","0.87","479514000000"
"011160","두산건설","5150","110","2.18","424087549550"
"016880","웅진홀딩스","7800","40","0.52","392041915200"
"018670","SK가스","47250","0","0.00","407704421250"
"004010","롯데미도파","6350","-140","-2.16","413691844700"
"000680","LS네트웍스","4790","-10","-0.21","377638584870"
"002020","코오롱","24200","500","2.11","419399794000"
"019680","대교","4910","190","4.03","415890993500"
"073240","금호타이어","4490","40","0.90","314300000000"
"079160","CJ CGV","15200","700","4.83","313351769600"
"095720","웅진씽크빅","14600","-200","-1.35","367806076200"
"005440","현대H&S","55000","1100","2.04","311818705000"
"005620","대성산업","65000","1000","1.56","333587150000"
"009410","태영건설","4250","345","8.83","324700000000"
"003920","남양유업","470500","15500","3.41","338760000000"
"011760","현대상사","14500","50","0.35","323782129000"
"016420","NH투자증권","6450","220","3.53","335439506250"
"001260","남광토건","15200","-150","-0.98","334400000000"
"002240","고려제강","33100","1100","3.44","331000000000"
"003480","한진중공업홀딩스","11850","250","2.16","349928272200"
"003530","한화증권","5290","130","2.52","335151393790"
"009970","영원무역","6250","-170","-2.65","318839600000"
"072710","농심홀딩스","58000","1200","2.11","268989964000"
"005250","녹십자홀딩스","62300","-6200","-9.05","268667130200"
"101060","SBS홀딩스","18250","250","1.39","255310546750"
"104700","한국철강","31000","2100","7.27","285510000000"
"006040","동원산업","91000","6200","7.31","306051200000"
"006350","전북은행","5600","200","3.70","262275322400"
"008000","웅진케미칼","6010","10","0.17","282693680180"
"016800","퍼시스","20400","400","2.00","255000000000"
"017390","서울가스","61600","-100","-0.16","308000000000"
"030610","교보증권","7550","140","1.89","271800000000"
"000070","삼양사","30900","1000","3.34","309558641100"
"000400","롯데손해보험","6830","-80","-1.16","287201500000"
"000480","조선내화","77000","10000","14.93","308000000000"
"000540","흥국쌍용화재","6000","350","6.19","295388688000"
"003570","S&T중공업","8780","380","4.52","282994326000"
"084010","대한제강","58800","-3200","-5.16","279873006000"
"001500","HMC투자증권","12700","-500","-3.79","201131309700"
"001520","동양메이저","2735","130","4.99","206522051675"
"001630","종근당","15950","600","3.91","208147500000"
"001720","신영증권","23450","150","0.64","220107257650"
"002000","한국유리","20050","950","4.97","202097183000"
"002780","진흥기업","1520","-50","-3.18","206102896720"
"003030","세아제강","43500","1850","4.44","232290000000"
"003940","삼양제넥스","68000","1600","2.41","203042356000"
"004490","세방전지","15300","350","2.34","214200000000"
"004550","대우차판매","6760","-10","-0.15","199960800000"
"007570","일양약품","17300","100","0.58","243973699800"
"008560","메리츠증권","890","0","0.00","240415664400"
"016380","동부제철","7130","900","14.45","202229544700"
"017810","풀무원홀딩스","56000","1400","2.56","209422752000"
"026870","대한가스","23700","200","0.85","229890000000"
"045710","온미디어","1890","15","0.80","223205201100"
"058650","세아홀딩스","64600","0","0.00","232560000000"
"091090","세원셀론텍","5850","90","1.56","211899829050"
"093370","후성","2970","160","5.69","226891587780"
"103140","풍산","7300","-90","-1.22","204577229400"
"092230","KPX홀딩스","35900","1750","5.12","151664791400"
"002300","한국제지","30400","200","0.66","152150449600"
"017960","한국카본","4800","-50","-1.03","141600000000"
"020000","한섬","7850","100","1.29","193345500000"
"023590","다우기술","4270","160","3.89","191580454590"
"025000","KPX케미칼","33500","500","1.52","154100000000"
"030210","KTB투자증권","3200","0","0.00","193005094400"
"032350","롯데관광개발","18850","400","2.17","188500000000"
"034310","한신정","24100","3000","14.22","161470000000"
"035000","GⅡR","10000","0","0.00","175714930000"
"037710","광주신세계","100500","500","0.50","160800000000"
"009200","무림페이퍼","9140","440","5.06","190154546700"
"009240","한샘","6700","80","1.21","157677317600"
"009580","동해펄프","5320","220","4.31","165899741840"
"009680","모토닉","5970","70","1.19","197010000000"
"009720","전기초자","22800","500","2.24","184072950000"
"010460","한국개발금융","26850","850","3.27","170468072400"
"012090","성원건설","3550","70","2.01","142682853150"
"012320","경동가스","50700","0","0.00","160617600000"
"013580","계룡건설","16000","500","3.23","142894512000"
"014830","유니드","29200","100","0.34","192284014800"
"015350","부산가스","17800","50","0.28","195800000000"
"015360","예스코","26000","2100","8.79","156000000000"
"016610","동부증권","4500","30","0.67","190905691500"
"005680","삼영전자","8400","400","5.00","168000000000"
"006380","카프로","4260","100","2.40","170400000000"
"006650","대한유화","20250","-400","-1.94","166050000000"
"007340","동아타이어","7500","310","4.31","177952650000"
"008060","대덕전자","3420","90","2.70","166883346000"
"008320","한국기술산업","2140","160","8.08","183814144400"
"008730","율촌화학","7040","300","4.45","174592000000"
"002350","넥센타이어","2030","105","5.45","192688127800"
"003120","일성신약","72000","5100","7.62","191520000000"
"003200","일신방직","62400","-100","-0.16","149760000000"
"003640","유니온스틸","14400","250","1.77","147744000000"
"004360","세방","10400","-50","-0.48","174720000000"
"004970","신라교역","12000","800","7.14","178909080000"
"000020","동화약품","30900","450","1.48","172616484600"
"000140","하이트홀딩스","16400","0","0.00","193979888800"
"000370","한화손해보험","6370","220","3.58","194140044280"
"000610","제일화재","5500","240","4.56","147259057000"
"001130","대한제분","113500","4000","3.65","191815000000"
"001210","금호전기","22800","1950","9.35","157685962800"
"001270","부국증권","15000","700","4.90","155548290000"
"001680","대상","5780","220","3.96","193151970880"
"001790","대한제당","51500","0","0.00","163249077500"
"002030","아세아시멘트","39450","350","0.90","186950749050"
"002270","롯데삼강","149000","500","0.34","187627207000"
"100220","비유와상징","17000","-100","-0.58","166447000000"
"000470","그린손해보험","5350","130","2.49","91210470100"
"000800","경남기업","7970","0","0.00","125916284570"
"000990","동부하이텍","3780","480","14.55","140604300900"
"001340","백광산업","38250","-400","-1.03","98876097000"
"001370","FnC코오롱","10550","200","1.93","126637980000"
"001470","삼부토건","15750","400","2.61","119290059000"
"001530","동일방직","50900","900","1.80","108213196400"
"001750","한양증권","7700","-100","-1.28","98009711800"
"001940","KISCO홀딩스","35400","450","1.29","98766000000"
"092440","기신정기","7000","680","10.76","102200000000"
"093230","쉘라인","9000","530","6.26","86247000000"
"100840","S&TC","18000","150","0.84","127523016000"
"103160","풀무원","37000","0","0.00","116451432000"
"103590","일진전기","3355","140","4.35","124404708450"
"025540","한국단자","10950","-300","-2.67","114044250000"
"025610","한국저축은행","14000","-500","-3.45","98000000000"
"025850","KPX화인케미칼","33950","950","2.88","108640000000"
"034590","인천도시가스","23800","500","2.15","95200000000"
"036530","S&T홀딩스","5720","410","7.72","87649979560"
"049770","동원F&B","27300","1800","7.06","85562322300"
"051310","성진지오텍","3750","0","0.00","114646875000"
"058430","포스코강판","16600","350","2.15","99600000000"
"064960","S&T대우","8750","170","1.98","101839377500"
"079430","리바트","5260","300","6.05","90796279000"
"085310","엔케이","8000","100","1.27","129718200000"
"009280","다함이텍","28300","1300","4.81","112817751900"
"009290","광동제약","2670","-5","-0.19","139963672170"
"009440","KC코트렐","6420","-220","-3.31","109140000000"
"010050","금호종금","575","20","3.60","103444138750"
"010780","아이에스동서","6710","260","4.03","114219995340"
"010960","삼호개발","6290","720","12.93","125800000000"
"011930","신성홀딩스","5850","130","2.27","103129650000"
"014820","동원시스템즈","1110","10","0.91","133862026200"
"015860","일진홀딩스","2640","155","6.24","131048747280"
"015890","태경산업","3610","0","0.00","105515787500"
"016580","환인제약","11500","-50","-0.43","106950402500"
"005500","삼진제약","8870","50","0.57","113092500000"
"005560","JS전선","9610","10","0.10","109348730400"
"005740","크라운제과","63800","500","0.79","89193931200"
"005850","에스엘","2600","110","4.42","88049234000"
"005950","이수화학","10600","450","4.43","101423736200"
"005960","동부건설","5570","20","0.36","121372221650"
"006220","제주은행","8700","910","11.68","135100333800"
"006370","대구백화점","8030","-50","-0.62","86897536330"
"006390","현대시멘트","13000","-300","-2.26","95472000000"
"006840","애경유화","14150","400","2.91","84900000000"
"007160","사조산업","21500","-2300","-9.66","107500000000"
"007540","샘표식품","23300","0","0.00","103545200000"
"007590","동방아그로","6370","0","0.00","86743965490"
"007690","국도화학","22000","750","3.53","127833552000"
"002390","한독약품","11400","-50","-0.44","132240000000"
"002410","범양건영","13000","150","1.17","98700654000"
"002620","제일약품","5950","-20","-0.34","88357500000"
"002960","한국쉘석유","70300","400","0.57","91390000000"
"003070","코오롱건설","6120","80","1.32","138429081720"
"003090","대웅","16350","450","2.83","102971090100"
"003230","삼양식품","14200","300","2.16","93614707000"
"003460","유화증권","12200","-200","-1.61","138353892600"
"003520","영진약품","780","10","1.30","92268260760"
"003620","쌍용차","960","-40","-4.00","115972435200"
"004080","신흥","10000","0","0.00","100000000000"
"004130","대덕GDS","4950","200","4.21","99809884350"
"004430","송원산업","4100","50","1.23","98400000000"
"004890","동일산업","40150","-250","-0.62","97372382250"
"004960","한신공영","13650","750","5.81","135249537150"
"005010","휴스틸","14600","-550","-3.63","101011808200"
"005090","삼광유리","19500","-300","-1.52","94661151000"
"076850","맥쿼리센트럴","7140","-60","-0.83","108960684000"
"000050","경방","61000","-500","-0.81","126880000000"
"000180","성창기업","19300","500","2.66","115800000000"
"000230","일동제약","25200","700","2.86","126343047600"
"000360","삼환기업","8410","30","0.36","99450730950"
"000430","대원강업","1750","55","3.24","105000000000"
"092200","디아이씨","1990","40","2.05","43183000000"
"092220","KEC","495","5","1.02","29903435100"
"094280","효성ITX","2820","-70","-2.42","32594124000"
"096760","중외홀딩스","4875","-110","-2.21","43387080750"
"100250","진양홀딩스","660","10","1.54","36890892720"
"017180","명문제약","3230","100","3.19","32946000000"
"017550","수산중공업","720","10","1.41","36324424800"
"018470","조일알미늄","5210","-190","-3.52","36261600000"
"019170","신풍제약","18900","0","0.00","71889495300"
"019300","동일제지","780","-5","-0.64","30958200000"
"021820","세원정공","30000","2500","9.09","30000000000"
"021960","우리파이낸셜","3500","-50","-1.41","59370948000"
"023150","MH에탄올","5800","150","2.65","40600000000"
"023800","인지컨트롤스","2170","0","0.00","32897477760"
"023960","에쓰씨엔지니어링","4345","185","4.45","44218986790"
"024070","WISCOM","3475","-5","-0.14","52215072000"
"024090","디씨엠","5280","-90","-1.68","61776000000"
"024720","한국콜마","2395","25","1.05","51794425675"
"025530","SJM","3200","0","0.00","57021251200"
"025560","미래산업","230","0","0.00","42290905000"
"025750","한솔홈데코","750","5","0.67","40947341250"
"026890","디피씨","730","10","1.39","30425067750"
"026940","부국철강","1540","10","0.65","30800000000"
"027390","한화타임월드","10550","450","4.46","63300000000"
"027840","고덴시","1695","-65","-3.69","39096759825"
"027970","세하","4100","40","0.99","82183167500"
"029460","케이씨텍","2315","15","0.65","68186327155"
"033240","자화전자","3490","-45","-1.27","62191800000"
"033270","유나이티드제약","2435","-15","-0.61","36588124940"
"033530","세종공업","3020","-30","-0.98","60564378600"
"034300","신세계건설","13650","200","1.49","54600000000"
"035510","신세계 I&C","34600","0","0.00","59512000000"
"036580","대상팜스코","1255","75","6.36","38322726435"
"042700","한미반도체","2900","-80","-2.68","73558969800"
"044450","KSS해운","4090","0","0.00","47415124600"
"058730","동아에스텍","2360","35","1.51","28910000000"
"067830","세이브존I&C","1015","5","0.50","41656508425"
"069730","DSR제강","2135","80","3.89","30744000000"
"072130","유엔젤","5580","80","1.45","73432833480"
"075180","새론오토모티브","3075","45","1.49","59040000000"
"077500","유니퀘스트","3010","5","0.17","39432453830"
"078000","텔코웨어","5980","-100","-1.64","58022181880"
"083420","KPX그린케미칼","15750","200","1.29","31500000000"
"084670","동양고속","27950","-50","-0.18","74123400000"
"084690","대상홀딩스","2300","-20","-0.86","81764275500"
"084870","베이직하우스","1675","-25","-1.47","34935171825"
"089470","현대EP","1160","-40","-3.33","37004000000"
"090350","노루페인트","2380","0","0.00","47600000000"
"090370","아비스타","4140","70","1.72","41400000000"
"009180","한솔CSN","820","0","0.00","39346676640"
"009190","대양금속","1455","35","2.46","39695310000"
"009270","신원","1085","15","1.40","68684156450"
"009310","참앤씨","3050","50","1.67","49999659550"
"009380","아세아페이퍼텍","4795","5","0.10","35227939565"
"009420","한올제약","2285","30","1.33","84545000000"
"009450","경동나비엔","18200","-100","-0.55","41932800000"
"009470","삼화전기","6820","710","11.62","45106252400"
"009770","삼정펄프","29150","-50","-0.17","37312000000"
"010100","한국프랜지","6510","210","3.33","39646446840"
"010600","영창실업","645","80","14.16","44866396080"
"010690","화신","1335","-60","-4.30","37380000000"
"010820","퍼스텍","1100","50","4.76","50891324000"
"011000","VGX인터","1210","10","0.83","30982594500"
"011090","에넥스","650","-10","-1.52","29558100000"
"011280","태림포장","600","-10","-1.64","42483564000"
"011400","케이씨오에너지","315","10","3.28","37039166010"
"011420","IB스포츠","1660","-45","-2.64","32573223840"
"011700","한신기계","1100","-170","-13.39","31460000000"
"011800","배명금속","1165","150","14.78","39015100905"
"012030","동부정밀","8150","10","0.12","32600000000"
"012200","계양전기","1220","5","0.41","39772000000"
"012400","옵티머스","425","-5","-1.16","49054311750"
"012420","메리츠종금","635","10","1.60","39973707200"
"012600","청호컴넷","8000","0","0.00","48850464000"
"012610","경인양행","16000","-200","-1.23","59840000000"
"013240","셀런","2110","-40","-1.86","66330331360"
"013520","화승알앤에이","5180","0","0.00","33442706780"
"013570","동양기전","2590","100","4.02","81313847720"
"014280","금강공업","7630","30","0.39","37051005320"
"014300","선진","17000","400","2.41","37400000000"
"014580","백광소재","13600","-150","-1.09","37513016000"
"014680","한솔케미칼","5200","140","2.77","58735014000"
"014790","한라건설","8650","50","0.58","83360534400"
"014990","인디에프","1015","-175","-14.71","59816989925"
"015590","대경기계","1490","0","0.00","81562436100"
"016450","한세실업","2070","0","0.00","82800000000"
"016510","현대DSF","6300","250","4.13","56700000000"
"016570","태평양제약","26100","550","2.15","55043516700"
"016710","대구가스","5050","-10","-0.20","81025230000"
"005420","코스모화학","2965","0","0.00","32617244505"
"005430","한국공항","26750","0","0.00","84699996250"
"005450","신한","11300","-100","-0.88","79265477200"
"005610","삼립식품","6810","-30","-0.44","58763551290"
"005720","넥센","14850","0","0.00","39767409000"
"005800","신영와코루","90000","1100","1.24","81000000000"
"005810","풍산홀딩스","9050","-170","-1.84","70908261350"
"005870","휴니드","2870","150","5.51","28918163050"
"005980","성지건설","5490","120","2.23","32940000000"
"006070","기린","930","-20","-2.11","43796705760"
"006090","오양수산","6790","90","1.34","29604400000"
"006340","대원전선","4670","-20","-0.43","31788942180"
"006440","한일건설","4870","20","0.41","55870042560"
"006490","로엔케이","4850","200","4.30","41335948600"
"006570","대림통상","4220","20","0.48","64249500000"
"006660","삼성공조","5500","200","3.77","44694727000"
"006740","영풍제지","18800","1300","7.43","41736000000"
"006890","태경화학","2800","-45","-1.58","32480000000"
"006980","우성사료","1150","0","0.00","35535000000"
"007110","일신석재","535","15","2.88","41439286350"
"007190","이엔페이퍼","1840","60","3.37","43682442720"
"007200","진흥저축은행","1885","45","2.45","65975000000"
"007210","벽산","6920","150","2.22","47443520000"
"007280","한국특수형강","53400","-300","-0.56","53400000000"
"007460","케이아이씨","5250","250","5.00","79693204500"
"007610","선도전기","1835","75","4.26","32249080885"
"007660","이수페타시스","1265","5","0.40","40712066780"
"007700","F&F","3000","165","5.82","46200000000"
"007800","솔로몬저축은행","2450","35","1.45","41164998000"
"007810","코리아써키트","1755","5","0.29","32878749150"
"007860","한일이화","1285","-10","-0.77","50649371105"
"008020","경남에너지","2280","30","1.33","67937752800"
"008040","동아에스에프","3680","30","0.82","78639579680"
"008250","이건산업","4935","125","2.60","36718058160"
"008260","NI스틸","2260","-95","-4.03","64244681000"
"008350","남선알미늄","3840","-115","-2.91","35781538560"
"008420","문배철강","2120","90","4.43","43467430600"
"008490","서흥캅셀","5100","250","5.15","57147948000"
"008870","금비","33000","2100","6.80","33000000000"
"008900","티이씨앤코","2050","-35","-1.68","33736952500"
"008970","동양철관","895","45","5.29","57312718515"
"009070","KCTC","11100","300","2.78","33300000000"
"009160","SIMPAC","2525","140","5.87","69591525000"
"002360","SH에너지화학","420","25","6.33","46676166600"
"002450","삼익악기","530","10","1.92","37381386010"
"002460","화성산업","5300","-120","-2.21","65989240000"
"002530","벽산건설","2050","85","4.33","56194272000"
"002630","오리엔트바이오","620","5","0.81","48934664360"
"002710","동양석판","11950","150","1.27","32265000000"
"002810","삼영무역","2735","-110","-3.87","42241798765"
"002820","선창산업","28350","-550","-1.90","56700000000"
"002840","미원상사","41500","0","0.00","83000000000"
"002900","동양물산","5600","160","2.94","36617784000"
"002920","유성기업","1710","0","0.00","43092649800"
"003010","혜인","3850","-490","-11.29","47852112000"
"003080","성보화학","20400","-600","-2.86","40840800000"
"003160","디아이","955","65","7.30","29741359675"
"003190","알앤엘바이오","995","-5","-0.50","47503334775"
"003220","대원제약","3700","200","5.71","43990373000"
"003350","한국화장품","2670","-20","-0.74","55002000000"
"003560","IHQ","1540","5","0.33","62116235720"
"003580","동원","6150","190","3.19","28995946200"
"003610","방림","10600","350","3.41","44852935400"
"003650","미창석유","20650","-500","-2.36","35924226800"
"003830","대한화섬","61100","-300","-0.49","81140800000"
"003850","보령제약","19650","-50","-0.25","58164000000"
"003960","사조대림","12350","-250","-1.98","64999223250"
"004090","한국석유","67600","-7300","-9.75","44291520000"
"004140","동방","2195","215","10.86","47245114150"
"004200","고려개발","5800","170","3.02","69600000000"
"004250","내쇼날푸라스","7730","10","0.13","28384560000"
"004310","현대약품","2090","-25","-1.18","58520000000"
"004380","삼익THK","1535","-25","-1.60","32235000000"
"004410","서울식품","6250","220","3.65","38355062500"
"004450","삼화왕관","16300","600","3.82","61619786500"
"004560","BNG스틸","4125","25","0.61","62200095375"
"004700","조광피혁","4860","-5","-0.10","32314810680"
"004710","한솔LCD","13000","200","1.56","82267432000"
"004720","우리들생명과학","445","-5","-1.11","32253255570"
"004820","조인에너지","2385","-420","-14.97","32347194525"
"004840","동일벨트","1610","15","0.94","31234000000"
"004980","성신양회","3980","480","13.71","76188244500"
"005350","선우ST","580","-20","-3.33","43637120700"
"005390","신성통상","2155","0","0.00","30969158045"
"086720","코크렙7호","5150","70","1.38","61800000000"
"090540","코크렙8호","4350","0","0.00","40020000000"
"000040","S&T모터스","295","10","3.51","32624704310"
"000220","유유제약","6700","220","3.40","39070715000"
"000300","대유신소재","1115","60","5.69","51698260595"
"000320","디피아이홀딩스","4890","190","4.04","64541207790"
"000390","삼화페인트","2920","45","1.57","65408000000"
"000490","대동공업","14850","350","2.41","70472783700"
"000500","가온전선","18300","300","1.67","71370000000"
"000520","삼일제약","6080","220","3.75","33440000000"
"000650","천일고속","39300","2000","5.36","56168346000"
"000790","C&상선","150","-15","-9.09","29736316950"
"000850","화천기공","22000","150","0.69","48400000000"
"000860","건설화학","10300","-50","-0.48","66950000000"
"000890","보해양조","13000","200","1.56","28633163000"
"000910","유니온","5020","-20","-0.40","71398958000"
"000950","전방","28450","100","0.35","47796000000"
"000970","한국주철관","2400","45","1.91","54721200000"
"001020","페이퍼코리아","6700","-500","-6.94","66839307200"
"001060","중외제약","8870","0","0.00","80190796120"
"001080","만호제강","10900","50","0.46","45235000000"
"001250","쌍용","5740","-110","-1.88","61300456280"
"001290","골든브릿지증권","1630","30","1.88","79441419210"
"001310","풍림산업","2510","5","0.20","54015200000"
"001380","SG글로벌","3930","5","0.13","50482323750"
"001390","KG케미칼","4715","-85","-1.77","50450500000"
"001460","BYC","135500","3500","2.65","84635332500"
"001560","제일연마","3745","170","4.76","37450000000"
"001780","동양강철","890","0","0.00","40799041800"
"001820","삼화콘덴서","5620","370","7.05","58419900000"
"001880","삼호","3840","240","6.67","55296000000"
"002070","남영L&F","31000","1550","5.26","42581259000"
"002100","경농","3415","90","2.71","74077326250"
"002170","삼양통상","18800","550","3.01","56400000000"
"002200","수출포장","7240","270","3.87","28960000000"
"002250","근화제약","11600","-400","-3.33","37815895600"
"002310","아세아제지","5460","30","0.55","32987463600"
"044380","주연테크","265","-5","-1.85","11368500000"
"044820","코스맥스","1510","5","0.33","16417133740"
"049800","우진세렉스","715","-35","-4.67","7150000000"
"051630","진양화학","565","5","0.89","5085000000"
"063160","종근당바이오","4300","180","4.37","22486802700"
"068290","삼성출판사","2580","0","0.00","25800000000"
"069460","대호에이엘","505","0","0.00","13703093695"
"069470","제로원인터랙티브","170","0","0.00","7474063770"
"071090","하이스틸","13050","150","1.16","17747269200"
"071950","코아스웰","740","-50","-6.33","8927345200"
"074610","이엔쓰리","395","5","1.28","9983970230"
"076170","GBS","555","0","0.00","6282767055"
"079660","사조해표","3770","-30","-0.79","26993200000"
"081000","일진다이아","7600","100","1.33","17142522000"
"084680","C&우방랜드","215","-35","-14.00","7068358275"
"088790","진도에프앤","1270","15","1.20","10296380220"
"090080","평화산업","1150","-40","-3.36","9200000000"
"101140","아티스","485","10","2.11","18430000000"
"101990","파브코","1850","80","4.52","22200000000"
"102260","동성홀딩스","7180","-20","-0.28","25688051140"
"102280","트라이","2950","250","9.26","24518986950"
"104110","신성ENG","2760","80","2.99","24328020000"
"104120","신성FA","2630","70","2.73","23182135000"
"011150","삼호F&G","540","-10","-1.82","19402617420"
"011230","삼화전자","3840","190","5.21","22306176000"
"011300","성안","1240","-45","-3.50","7050374640"
"011330","유니켐","525","65","14.13","24131841300"
"011390","부산산업","9230","-730","-7.33","9746880000"
"011500","한농화성","1780","50","2.89","25632000000"
"011690","유양디앤유","3350","-110","-3.18","12321980050"
"011720","현대피앤씨","390","5","1.30","11589087900"
"012170","한신DNP","145","-5","-3.33","4381266205"
"012280","영화금속","335","0","0.00","11244948015"
"012410","청호전자통신","460","-15","-3.16","10499621900"
"012510","더존비즈온","560","0","0.00","19305927760"
"012580","톰보이","2590","-165","-5.99","9001027000"
"012690","모나리자","345","0","0.00","12617082975"
"012800","대창공업","375","-20","-5.06","27914565000"
"013000","세우글로벌","580","25","4.50","11970282440"
"013200","C&우방","280","5","1.82","6561832760"
"013360","일성건설","5400","-50","-0.92","25696915200"
"013700","삼환까뮤","5890","290","5.18","26594692920"
"014130","한익스프레스","6250","60","0.97","7500000000"
"014160","대영포장","235","0","0.00","22322586550"
"014350","신일건업","4150","20","0.48","24900000000"
"014440","영보화학","1180","55","4.89","23600000000"
"014530","극동유화","8140","40","0.49","26048000000"
"014590","티엘씨레저","835","-10","-1.18","26529536500"
"014910","성문전자","1070","10","0.94","14575284270"
"015020","이스타코","515","5","0.98","22068574000"
"015110","중앙건설","3800","50","1.33","25041038600"
"015230","대창단조","8940","80","0.90","17880000000"
"015260","큐엔텍코리아","640","-15","-2.29","16392695680"
"015540","웰스브릿지","305","-10","-3.17","26029189220"
"016090","대현","455","-15","-3.19","20603451050"
"016160","오라에너지","380","5","1.33","5172330860"
"016560","서울저축은행","2970","5","0.17","7531920000"
"016590","신대양제지","7220","130","1.83","25926066960"
"017040","광명전기","690","10","1.47","25815277050"
"017170","프라임엔터","575","-15","-2.54","6846330075"
"017300","KDS","280","0","0.00","8483798120"
"017370","우신시스템","1500","30","2.04","21000000000"
"017900","광전자","1200","-40","-3.23","18041636400"
"018410","현대금속","380","-10","-2.56","6533074000"
"018500","동원금속","300","10","3.45","8040000000"
"019180","티에이치엔","575","10","1.77","10350000000"
"019490","하이트론","3185","15","0.47","17615390975"
"020120","인큐브테크","785","15","1.95","5642951305"
"020760","일진디스플","4380","50","1.15","23519408640"
"021050","서원","545","15","2.83","15246151550"
"023450","동남합성","21350","-600","-2.73","22743493150"
"023810","인팩","1375","-20","-1.43","13750000000"
"024100","제일저축은행","2500","-50","-1.96","26000000000"
"024870","유성티에스아이","1760","10","0.57","13548367360"
"024890","대원화성","560","-15","-2.61","15473014480"
"024900","덕양산업","6250","40","0.64","20353112500"
"025620","신우","370","0","0.00","10884647790"
"025820","이구산업","815","-10","-1.21","27255230000"
"025890","한국주강","2560","10","0.39","27593062400"
"027740","마니커","505","0","0.00","23725586295"
"030720","동원수산","3575","15","0.42","10594555400"
"031820","콤텍시스템","615","-5","-0.81","19588651590"
"033180","필룩스","820","-15","-1.80","19411944460"
"033250","체시스","715","25","3.62","11862225375"
"035150","백산","510","-20","-3.77","12342000000"
"037270","휘닉스컴","1725","100","6.15","20484375000"
"041650","상신브레이크","1190","-55","-4.42","25551025500"
"002700","신일산업","335","-5","-1.47","11993503170"
"002720","국제약품","1770","-35","-1.94","23079523830"
"002760","보락","985","50","5.35","11327500000"
"002870","신풍제지","7690","140","1.85","26883240300"
"002880","대유디엠씨","360","-5","-1.37","15175136160"
"003060","한국슈넬제약","195","0","0.00","11201503560"
"003280","흥아해운","995","10","1.02","23594862850"
"003680","한성기업","3385","-5","-0.15","17518184015"
"003720","삼영화학","5270","120","2.33","17918000000"
"003780","진양산업","990","-35","-3.41","5940000000"
"003990","BHK","130","-10","-7.14","6404400990"
"004060","에스지위카스","1160","-5","-0.43","23481295360"
"004100","태양금속","3485","115","3.41","12789950000"
"004230","세신","340","15","4.62","7897466620"
"004270","남성","7000","10","0.14","25348512000"
"004540","대한펄프","2645","125","4.96","21900044550"
"004620","캠브리지","7350","-130","-1.74","20089049400"
"004740","보루네오","2445","15","0.62","23505963495"
"004770","써니전자","870","35","4.19","16356000000"
"004830","덕성","1330","0","0.00","20854400000"
"004870","아인스","200","-5","-2.44","15555956000"
"004910","조광페인트","1695","-10","-0.59","21696000000"
"004920","삼영홀딩스","4200","20","0.48","6720000000"
"005030","부산주공","1620","60","3.85","11664000000"
"005070","새한미디어","1165","-25","-2.10","16295982720"
"005110","한창","355","5","1.43","11774822115"
"005190","동성화학","9100","-90","-0.98","6766614400"
"005320","국동","390","-30","-7.14","7708651860"
"005360","모나미","6100","150","2.52","16510748000"
"005690","로이","9640","-180","-1.83","11868131760"
"005750","대림B&Co","1225","-25","-2.00","18375000000"
"005760","위너스인프라인","300","-20","-6.25","5378454000"
"005820","원림","7520","350","4.88","16544000000"
"005900","동양건설","11050","150","1.38","27505969400"
"006060","화승인더","5270","430","8.88","15810000000"
"006110","삼아알미늄","20000","700","3.63","22000000000"
"006200","KEC홀딩스","700","0","0.00","18953853100"
"006210","휴리프","360","35","10.77","4518245160"
"007050","유리이에스","310","-10","-3.13","6507426380"
"007120","유니모테크","680","20","3.03","11701368600"
"007480","대한은박지","335","-15","-4.29","2647873500"
"007490","태창기업","10700","-50","-0.47","7168069100"
"007630","지에스인스트루","735","-70","-8.70","21658976325"
"007980","태평양물산","6360","170","2.75","15244920000"
"008080","삼양옵틱스","530","-10","-1.85","9438399000"
"008110","대동전자","1900","-20","-1.04","19000000000"
"008400","C&중공업","735","-70","-8.70","14925140790"
"008500","일정실업","13900","850","6.51","16680000000"
"008540","일경","810","50","6.58","8834382450"
"008600","미래와사람","1940","10","0.52","24306702320"
"008700","아남전자","2115","20","0.95","16311899430"
"008720","삼양중기","22300","1500","7.21","27552096000"
"009140","경인전자","11350","-200","-1.73","17828545950"
"009320","대우부품","90","10","12.50","13077916200"
"009460","한창제지","120","0","0.00","4865680800"
"009690","케이엠에이치","405","5","1.25","6829101495"
"009810","고려포리머","800","-25","-3.03","20082938400"
"010040","한국내화","1900","25","1.33","21056100200"
"010420","한솔PNS","1155","-5","-0.43","19022792250"
"010580","지코","475","5","1.06","13163523000"
"010640","진양폴리","760","25","3.40","4560000000"
"010660","화천기계","11150","-50","-0.45","24530000000"
"010770","평화홀딩스","1565","55","3.64","22888854290"
"011050","케드콤","740","0","0.00","28278007020"
"101790","케이알제2호","5050","-450","-8.18","25250000000"
"078420","동북아1호","4795","0","0.00","15449490000"
"080030","동북아2호","4600","0","0.00","14546120000"
"080180","아시아1호","4650","5","0.11","21227017500"
"080410","동북아6호","4895","0","0.00","11233966260"
"080960","동북아3호","4630","-10","-0.22","18995038000"
"080970","동북아4호","4590","0","0.00","18830934000"
"080980","동북아5호","4850","60","1.25","19897610000"
"081190","아시아2호","4280","85","2.03","8044837800"
"081200","아시아3호","4150","0","0.00","7800485250"
"081210","아시아4호","4150","0","0.00","5481735000"
"081930","아시아8호","4390","5","0.11","10674899600"
"081940","아시아9호","4890","240","5.16","13064759700"
"082110","동북아8호","4445","0","0.00","10584434000"
"082240","아시아5호","4400","-190","-4.14","13723776000"
"082250","아시아6호","4890","0","0.00","15252105600"
"082260","아시아7호","4880","0","0.00","15220915200"
"083120","동북아9호","4800","0","0.00","7255824000"
"083350","동북아10호","3880","-15","-0.39","6152360800"
"083360","동북아11호","3795","-75","-1.94","6017579700"
"083370","동북아12호","3700","0","0.00","5866942000"
"083380","동북아13호","3890","0","0.00","6168217400"
"083390","동북아14호","3700","0","0.00","5866942000"
"083570","아시아10호","4015","-10","-0.25","10470738575"
"083580","아시아11호","3700","0","0.00","9649248500"
"083590","아시아12호","3950","0","0.00","10301224750"
"083600","아시아13호","3835","0","0.00","10001315675"
"083610","아시아14호","3650","0","0.00","7103608100"
"083620","아시아15호","3880","-165","-4.08","7552742040"
"084240","동북아15호","4050","105","2.66","7731680850"
"088010","동북아21호","4980","0","0.00","5826420720"
"090970","코리아01호","4790","90","1.91","10495273200"
"090980","코리아02호","4700","0","0.00","10298076000"
"090990","코리아03호","4700","0","0.00","10298076000"
"091000","코리아04호","4700","0","0.00","10298076000"
"092630","바다로3호","4300","0","0.00","7627077700"
"092970","거북선1호","5000","100","2.04","11810000000"
"093400","코리아05호","4440","-45","-1.00","7030748880"
"093410","코리아06호","4650","0","0.00","15491233200"
"093730","동북아31호","2020","0","0.00","4688985600"
"099210","코리아07호","4400","0","0.00","24561275200"
"101380","거북선2호","5090","0","0.00","14034097100"
"102000","거북선3호","5090","0","0.00","6202877600"
"000420","로케트전기","4690","-10","-0.21","9032452240"
"000590","조선선재","42700","0","0.00","25620000000"
"000760","이화산업","4200","400","10.53","11760000000"
"001070","대한방직","20750","0","0.00","21995000000"
"001140","국보","5000","-140","-2.72","5136520000"
"001190","마이크로닉스","380","0","0.00","13303168820"
"001360","삼성제약","2740","175","6.82","20795868420"
"001420","태원물산","16550","-150","-0.90","10923000000"
"001550","조비","5390","130","2.47","8444329740"
"001570","금양","380","5","1.33","14954257040"
"001600","서광건설","1330","-20","-1.48","14164236660"
"001620","동국실업","840","20","2.44","22120996800"
"001770","신화실업","11300","250","2.26","10170000000"
"001950","남한제지","100","5","5.26","9382548400"
"001970","신성건설","1405","45","3.31","12784870560"
"002140","고려산업","1725","15","0.88","8604101625"
"002210","동성제약","6010","0","0.00","25396054330"
"002220","한일철강","7720","200","2.66","15748800000"
"002420","세기상사","23800","-1000","-4.03","9700689600"
"002540","메이드","160","-5","-3.03","14346693120"
"002600","조흥","31550","-1450","-4.39","18930000000"