"Date","Open","label","train_size"
2019-01-02,81.8000030517578,0.8341,1242
2019-01-03,82.9599990844727,0.5886,1242
2019-01-04,84.0400009155273,0.7442,1242
2019-01-07,84.75,0.8595,1242
2019-01-08,89.4100036621094,0.9351,1242
2019-01-09,91.870002746582,0.1721,1242
2019-01-10,88.0999984741211,0.8875,1242
2019-01-11,90.5899963378906,0.6217,1242
2019-01-14,90.4400024414062,0.3176,1242
2019-01-15,90.6100006103516,0.2327,1242
2019-01-16,91,0.1368,1242
2019-01-17,89.6699981689453,0.6669,1242
2019-01-18,91.6800003051758,0.9083,1242
2019-01-22,92.1800003051758,0.2387,1242
2019-01-23,91.8600006103516,0.2036,1242
2019-01-24,91.8399963378906,0.4674,1242
2019-01-25,92.2300033569336,0.5127,1242
2019-01-28,92.25,0.3955,1242
2019-01-29,91.5400009155273,0.6633,1242
2019-01-30,91.8300018310547,0.4427,1242
2019-01-31,92.2699966430664,0.2517,1242
2019-02-01,92.4499969482422,0.6799,1242
2019-02-04,91.75,0.5447,1242
2019-02-05,92.3000030517578,0.7203,1242
2019-02-06,92.9199981689453,0.2486,1242
2019-02-07,92.1600036621094,0.4499,1242
2019-02-08,92.3300018310547,0.7242,1242
2019-02-11,93.25,0.5759,1242
2019-02-12,94.629997253418,0.4198,1242
2019-02-13,95.129997253418,0.1715,1242
2019-02-14,94.129997253418,0.1816,1242
2019-02-15,94.3199996948242,0.3301,1242
2019-02-19,93.9800033569336,0.6112,1242
2019-02-20,93.75,0.4384,1242
2019-02-21,93.9300003051758,0.5242,1242
2019-02-22,93.629997253418,0.8255,1242
2019-02-25,94.6999969482422,0.6973,1242
2019-02-26,93.9100036621094,0.5897,1242
2019-02-27,93.8199996948242,0.832,1242
2019-02-28,94.8600006103516,0.2819,1242
2019-03-01,95.7799987792969,0.1949,1242
2019-03-04,95.4199981689453,0.203,1242
2019-03-05,95.1100006103516,0.296,1242
2019-03-06,94,0.5136,1242
2019-03-07,93.5800018310547,0.3698,1242
2019-03-08,91.4800033569336,0.4823,1242
2019-03-11,89.3199996948242,0.9177,1242
2019-03-12,90.8300018310547,0.7218,1242
2019-03-13,91.2600021362305,0.4823,1242
2019-03-14,90.4599990844727,0.2747,1242
2019-03-15,89.0899963378906,0.746,1242
2019-03-18,89.6500015258789,0.8325,1242
2019-03-19,91.1999969482422,0.7818,1242
2019-03-20,91.6999969482422,0.6814,1242
2019-03-21,91.3499984741211,0.4739,1242
2019-03-22,91.0699996948242,0.0937,1242
2019-03-25,89.2399978637695,0.8609,1242
2019-03-26,90.2600021362305,0.866,1242
2019-03-27,91,0.4489,1242
2019-03-28,92.0899963378906,0.6854,1242
2019-03-29,92.4599990844727,0.7996,1242
2019-04-01,93.7699966430664,0.7384,1242
2019-04-02,94.120002746582,0.2206,1242
2019-04-03,94.3600006103516,0.5054,1242
2019-04-04,95.0599975585938,0.9049,1242
2019-04-05,97.7900009155273,0.6586,1242
2019-04-08,98.1999969482422,0.6586,1242
2019-04-09,97.9700012207031,0.3456,1242
2019-04-10,98.0599975585938,0.3748,1242
2019-04-11,98.620002746582,0.1038,1242
2019-04-12,97.8199996948242,0.2699,1242
2019-04-15,97.2799987792969,0.7649,1242
2019-04-16,98.4599990844727,0.3768,1242
2019-04-17,99.3199996948242,0.7027,1242
2019-04-18,100.449996948242,0.246,1242
2019-04-22,99.5999984741211,0.4469,1242
2019-04-23,98.2300033569336,0.6416,1242
2019-04-24,97.9400024414062,0.5049,1242
2019-04-25,97.5699996948242,0.3173,1242
2019-04-26,98.3199996948242,0.2153,1242
2019-04-29,98.4300003051758,0.2338,1242
2019-04-30,98.2699966430664,0.28,1242
2019-05-01,97.5,0.7733,1242
2019-05-02,96.0100021362305,0.5616,1242
2019-05-03,96.9499969482422,0.2317,1242
2019-05-06,95.7300033569336,0.2058,1242
2019-05-07,96.75,0.6544,1242
2019-05-08,95.5699996948242,0.4887,1242
2019-05-09,95.9199981689453,0.4327,1242
2019-05-10,96.4899978637695,0.6024,1242
2019-05-13,95.7799987792969,0.439,1242
2019-05-14,94,0.6899,1242
2019-05-15,93.6999969482422,0.7717,1242
2019-05-16,94.9300003051758,0.6612,1242
2019-05-17,95.4000015258789,0.4384,1242
2019-05-20,96.7699966430664,0.5253,1242
2019-05-21,96.4400024414062,0.6022,1242
2019-05-22,96.8300018310547,0.3527,1242
2019-05-23,93.9400024414062,0.2931,1242
2019-05-24,92.5800018310547,0.5597,1242
2019-05-28,93.6900024414062,0.7569,1242
2019-05-29,90.7699966430664,0.1077,1242
2019-05-30,90.6500015258789,0.54,1242
2019-05-31,91.8399963378906,0.7965,1242
2019-06-03,92.9300003051758,0.2509,1242
2019-06-04,92.8000030517578,0.5336,1242
2019-06-05,94.9300003051758,0.1801,1242
2019-06-06,95.25,0.6474,1242
2019-06-07,96.8499984741211,0.7721,1242
2019-06-10,99.0999984741211,0.5038,1242
2019-06-11,98.629997253418,0.2759,1242
2019-06-12,98.7900009155273,0.3941,1242
2019-06-13,98.9800033569336,0.7614,1242
2019-06-14,100.769996643066,0.5687,1242
2019-06-17,100.980003356934,0.6473,1242
2019-06-18,102.330001831055,0.6996,1242
2019-06-19,102.830001831055,0.6156,1242
2019-06-20,104.069999694824,0.4739,1242
2019-06-21,104.650001525879,0.3928,1242
2019-06-24,103,0.4637,1242
2019-06-25,102.839996337891,0.3224,1242
2019-06-26,102.069999694824,0.5011,1242
2019-06-27,99.5999984741211,0.7916,1242
2019-06-28,100.650001525879,0.6295,1242
2019-07-01,100.529998779297,0.3433,1242
2019-07-02,98.7900009155273,0.4248,1242
2019-07-03,98.4000015258789,0.5557,1242
2019-07-05,98.8600006103516,0.537,1242
2019-07-08,100.779998779297,0.5013,1242
2019-07-09,101.5,0.5976,1242
2019-07-10,102.589996337891,0.6131,1242
2019-07-11,103,0.493,1242
2019-07-12,103.51000213623,0.8174,1242
2019-07-15,106.169998168945,0.3002,1242
2019-07-16,106.550003051758,0.4708,1242
2019-07-17,106.910003662109,0.6058,1242
2019-07-18,107.379997253418,0.4813,1242
2019-07-19,107.769996643066,0.0844,1242
2019-07-22,107.059997558594,0.2587,1242
2019-07-23,106.110000610352,0.4084,1242
2019-07-24,105.940002441406,0.3683,1242
2019-07-25,104.279998779297,0.6094,1242
2019-07-26,105.849998474121,0.7164,1242
2019-07-29,106.550003051758,0.2539,1242
2019-07-30,106.150001525879,0.3764,1242
2019-07-31,106.190002441406,0.4207,1242
2019-08-01,106.690002441406,0.181,1242
2019-08-02,103.529998779297,0.6072,1242
2019-08-05,102.319999694824,0.1991,1242
2019-08-06,101.559997558594,0.7127,1242
2019-08-07,102.069999694824,0.4191,1242
2019-08-08,104.680000305176,0.4927,1242
2019-08-09,106.900001525879,0.1507,1242
2019-08-12,105.180000305176,0.0812,1242
2019-08-13,103.23999786377,0.8446,1242
2019-08-14,104.540000915527,0.2047,1242
2019-08-15,103.190002441406,0.2559,1242
2019-08-16,102.580001831055,0.1183,1242
2019-08-19,104.889999389648,0.2912,1242
2019-08-20,103.019996643066,0.664,1242
2019-08-21,105.709999084473,0.4739,1242
2019-08-22,106.870002746582,0.5561,1242
2019-08-23,105.639999389648,0.3503,1242
2019-08-26,103.349998474121,0.5504,1242
2019-08-27,105.110000610352,0.2382,1242
2019-08-28,102.300003051758,0.7559,1242
2019-08-29,105.98999786377,0.9019,1242
2019-08-30,107.430000305176,0.3743,1242
2019-09-03,105.169998168945,0.6487,1242
2019-09-04,105.480003356934,0.4825,1242
2019-09-05,107,0.7327,1242
2019-09-06,109.650001525879,0.3245,1242
2019-09-09,109.309997558594,0.814,1242
2019-09-10,108.550003051758,0.6462,1242
2019-09-11,107.379997253418,0.9492,1242
2019-09-12,109.26000213623,0.2866,1242
2019-09-13,109.610000610352,0.3357,1242
2019-09-16,108.580001831055,0.0891,1242
2019-09-17,107.809997558594,0.3923,1242
2019-09-18,108.089996337891,0.4773,1242
2019-09-19,108.809997558594,0.2793,1242
2019-09-20,108.569999694824,0.2497,1242
2019-09-23,105.360000610352,0.6275,1242
2019-09-24,108.300003051758,0.4852,1242
2019-09-25,107.690002441406,0.2848,1242
2019-09-26,108.709999084473,0.6445,1242
2019-09-27,108.610000610352,0.713,1242
2019-09-30,109.139999389648,0.8145,1242
2019-10-01,110.370002746582,0.6364,1242
2019-10-02,108.870002746582,0.1362,1242
2019-10-03,107.050003051758,0.6991,1242
2019-10-04,107.319999694824,0.8697,1242
2019-10-07,108.209999084473,0.5731,1242
2019-10-08,107.459999084473,0.652,1242
2019-10-09,108.5,0.8276,1242
2019-10-10,108.870002746582,0.7384,1242
2019-10-11,112,0.5274,1242
2019-10-14,112.430000305176,0.3265,1242
2019-10-15,111.650001525879,0.5842,1242
2019-10-16,111.949996948242,0.4345,1242
2019-10-17,112.980003356934,0.3222,1242
2019-10-18,112.809997558594,0.8906,1242
2019-10-21,111.48999786377,0.467,1242
2019-10-22,111.279998779297,0.7769,1242
2019-10-23,111.980003356934,0.1542,1242
2019-10-24,110.220001220703,0.4621,1242
2019-10-25,110.099998474121,0.6353,1242
2019-10-28,110.620002746582,0.3469,1242
2019-10-29,109.449996948242,0.4237,1242
2019-10-30,108.690002441406,0.4631,1242
2019-10-31,110.48999786377,0.6515,1242
2019-11-01,110.190002441406,0.7182,1242
2019-11-04,111.610000610352,0.5286,1242
2019-11-05,111.48999786377,0.4737,1242
2019-11-06,112.449996948242,0.5059,1242
2019-11-07,112.349998474121,0.7028,1242
2019-11-08,112.769996643066,0.1223,1242
2019-11-11,111.660003662109,0.5167,1242
2019-11-12,112.150001525879,0.3522,1242
2019-11-13,111.01000213623,0.5052,1242
2019-11-14,111.76000213623,0.7224,1242
2019-11-15,113.660003662109,0.5056,1242
2019-11-18,112.940002441406,0.645,1242
2019-11-19,112.720001220703,0.6657,1242
2019-11-20,112.400001525879,0.3141,1242
2019-11-21,111.169998168945,0.4711,1242
2019-11-22,113.080001831055,0.2474,1242
2019-11-25,112.029998779297,0.3888,1242
2019-11-26,113.379997253418,0.6672,1242
2019-11-27,116.120002746582,0.1449,1242
2019-11-29,116.580001831055,0.4304,1242
2019-12-02,116.650001525879,0.3995,1242
2019-12-03,115.01000213623,0.7115,1242
2019-12-04,114.519996643066,0.6568,1242
2019-12-05,114.23999786377,0.1828,1242
2019-12-06,114.839996337891,0.2436,1242
2019-12-09,113.76000213623,0.6766,1242
2019-12-10,114.980003356934,0.2584,1242
2019-12-11,115.300003051758,0.4727,1242
2019-12-12,114.879997253418,0.9273,1242
2019-12-13,116.300003051758,0.3235,1242
2019-12-16,116.029998779297,0.2059,1242
2019-12-17,114.709999084473,0.1899,1242
2019-12-18,113.809997558594,0.4306,1242
2019-12-19,113.73999786377,0.4177,1242
2019-12-20,116.129997253418,0.4207,1242
2019-12-23,115.360000610352,0.2984,1242
2019-12-24,114.550003051758,0.6442,1242
2019-12-26,115.050003051758,0.1887,1242
2019-12-27,116.099998474121,0.374,1242
2019-12-30,114.669998168945,0.7948,1242
2019-12-31,116.589996337891,0.4669,1242
2020-01-02,116.480003356934,0.3929,1242
2020-01-03,115.430000305176,0.8024,1242
2020-01-06,116.25,0.8682,1242
2020-01-07,117.01000213623,0.965,1242
2020-01-08,119.110000610352,0.4572,1242
2020-01-09,120.669998168945,0.8572,1242
2020-01-10,122.099998474121,0.783,1242
2020-01-13,120.680000305176,0.4193,1242
2020-01-14,120.040000915527,0.5372,1242
2020-01-15,118.51000213623,0.293,1242
2020-01-16,118.389999389648,0.377,1242
2020-01-17,118.209999084473,0.4466,1242
2020-01-21,117.25,0.8184,1242
2020-01-22,118.129997253418,0.6045,1242
2020-01-23,117.339996337891,0.2312,1242
2020-01-24,118.019996643066,0.3603,1242
2020-01-27,114.069999694824,0.36,1242
2020-01-28,115.110000610352,0.3595,1242
2020-01-29,114.730003356934,0.2891,1242
2020-01-30,113.480003356934,0.3794,1242
2020-01-31,113.839996337891,0.6066,1242
2020-02-03,112.559997558594,0.9217,1242
2020-02-04,115.779998779297,0.7639,1242
2020-02-05,117.069999694824,0.9149,1242
2020-02-06,119.339996337891,0.6077,1242
2020-02-07,118.019996643066,0.4361,1242
2020-02-10,116.889999389648,0.605,1242
2020-02-11,119.040000915527,0.7296,1242
2020-02-12,120.480003356934,0.2764,1242
2020-02-13,119.76000213623,0.9414,1242
2020-02-14,120.910003662109,0.8678,1242
2020-02-18,121.580001831055,0.9055,1242
2020-02-19,122.959999084473,0.4457,1242
2020-02-20,122.839996337891,0.8962,1242
2020-02-21,123.26000213623,0.3108,1242
2020-02-24,122,0.4909,1242
2020-02-25,121.98999786377,0.1757,1242
2020-02-26,118.400001525879,0.3037,1242
2020-02-27,117.800003051758,0.1,1242
2020-02-28,108.620002746582,0.4147,1242
2020-03-02,109.220001220703,0.3445,1242
2020-03-03,111,0.3593,1242
2020-03-04,109.379997253418,0.5432,1242
2020-03-05,106.339996337891,0.3525,1242
2020-03-06,97.5899963378906,0.7272,1242
2020-03-09,96.9899978637695,0.3511,1242
2020-03-10,97.1600036621094,0.7481,1242
2020-03-11,99.4199981689453,0.4674,1242
2020-03-12,92.6699981689453,0.153,1242
2020-03-13,95.629997253418,0.4629,1242
2020-03-16,84.3399963378906,0.3178,1242
2020-03-17,74.4300003051758,0.5898,1242
2020-03-18,65.3000030517578,0.3765,1242
2020-03-19,59.4599990844727,0.4533,1242
2020-03-20,65.4300003051758,0.1143,1242
2020-03-23,62.689998626709,0.0978,1242
2020-03-24,67.8199996948242,0.7918,1242
2020-03-25,73.9499969482422,0.5647,1242
2020-03-26,82.3399963378906,0.8619,1242
2020-03-27,81.7799987792969,0.5046,1242
2020-03-30,82.5899963378906,0.9402,1242
2020-03-31,84.0999984741211,0.957,1242
2020-04-01,82.3000030517578,0.4995,1242
2020-04-02,80,0.4306,1242
2020-04-03,78.5800018310547,0.4298,1242
2020-04-06,80,0.6595,1242
2020-04-07,93.6600036621094,0.8526,1242
2020-04-08,85.75,0.8111,1242
2020-04-09,90.379997253418,0.4529,1242
2020-04-13,89.0199966430664,0.7997,1242
2020-04-14,88.5100021362305,0.9662,1242
2020-04-15,86.5800018310547,0.6788,1242
2020-04-16,88.5500030517578,0.1179,1242
2020-04-17,90.0599975585938,0.9563,1242
2020-04-20,90.4800033569336,0.1915,1242
2020-04-21,83.6500015258789,0.4842,1242
2020-04-22,85.0699996948242,0.3215,1242
2020-04-23,84.7200012207031,0.2625,1242
2020-04-24,83.0100021362305,0.7968,1242
2020-04-27,86.9100036621094,0.8441,1242
2020-04-28,94.0500030517578,0.3817,1242
2020-04-29,97.1399993896484,0.8642,1242
2020-04-30,95.4300003051758,0.3158,1242
2020-05-01,88.25,0.5857,1242
2020-05-04,87.1900024414062,0.4769,1242
2020-05-05,90,0.3111,1242
2020-05-06,89.3300018310547,0.3286,1242
2020-05-07,90.6399993896484,0.208,1242
2020-05-08,91.0999984741211,0.3447,1242
2020-05-11,90.0999984741211,0.4183,1242
2020-05-12,90.8499984741211,0.3516,1242
2020-05-13,85.9499969482422,0.3229,1242
2020-05-14,82.2600021362305,0.8351,1242
2020-05-15,83.7300033569336,0.5755,1242
2020-05-18,89.9000015258789,0.409,1242
2020-05-19,90.5400009155273,0.5157,1242
2020-05-20,90.8199996948242,0.4991,1242
2020-05-21,94.5,0.8313,1242
2020-05-22,92.9800033569336,0.4505,1242
2020-05-26,96.7300033569336,0.3191,1242
2020-05-27,95.2200012207031,0.9206,1242
2020-05-28,96.5599975585938,0.6679,1242
2020-05-29,98.0400009155273,0.2779,1242
2020-06-01,97.0800018310547,0.5744,1242
2020-06-02,98.5599975585938,0.6459,1242
2020-06-03,99.9199981689453,0.3966,1242
2020-06-04,99.5,0.4938,1242
2020-06-05,102.300003051758,0.6531,1242
2020-06-08,102.550003051758,0.8235,1242
2020-06-09,102.099998474121,0.684,1242
2020-06-10,101.690002441406,0.6502,1242
2020-06-11,96.6800003051758,0.5805,1242
2020-06-12,96.4199981689453,0.611,1242
2020-06-15,89.1399993896484,0.9066,1242
2020-06-16,97.0899963378906,0.4556,1242
2020-06-17,97.7399978637695,0.2001,1242
2020-06-18,95.0400009155273,0.1812,1242
2020-06-19,95.1399993896484,0.5628,1242
2020-06-22,92.6699981689453,0.3168,1242
2020-06-23,92.0100021362305,0.3509,1242
2020-06-24,89.8000030517578,0.292,1242
2020-06-25,86.7699966430664,0.2369,1242
2020-06-26,83.75,0.1778,1242
2020-06-29,83.9300003051758,0.598,1242
2020-06-30,85.0100021362305,0.2477,1242
2020-07-01,85.2900009155273,0.7734,1242
2020-07-02,88.7399978637695,0.2085,1242
2020-07-06,89.7600021362305,0.5585,1242
2020-07-07,89.1999969482422,0.1382,1242
2020-07-08,86.2099990844727,0.4183,1242
2020-07-09,85.7399978637695,0.205,1242
2020-07-10,84.8499984741211,0.6979,1242
2020-07-13,86.9700012207031,0.3397,1242
2020-07-14,83.9800033569336,0.4237,1242
2020-07-15,81.7699966430664,0.6086,1242
2020-07-16,83.0100021362305,0.8107,1242
2020-07-17,85.25,0.3835,1242
2020-07-20,85.5800018310547,0.3832,1242
2020-07-21,85.0699996948242,0.8415,1242
2020-07-22,86.3499984741211,0.9665,1242
2020-07-23,88.5400009155273,0.6004,1242
2020-07-24,87.6699981689453,0.1163,1242
2020-07-27,85.9199981689453,0.3461,1242
2020-07-28,84.9400024414062,0.5592,1242
2020-07-29,86.1500015258789,0.9455,1242
2020-07-30,87.629997253418,0.9316,1242
2020-07-31,88.620002746582,0.8462,1242
2020-08-03,89.1999969482422,0.6036,1242
2020-08-04,87.8300018310547,0.4835,1242
2020-08-05,88.8399963378906,0.2225,1242
2020-08-06,88.8499984741211,0.085,1242
2020-08-07,86.9499969482422,0.8421,1242
2020-08-10,90,0.8804,1242
2020-08-11,93.4700012207031,0.4975,1242
2020-08-12,93.620002746582,0.5735,1242
2020-08-13,93.9499969482422,0.4359,1242
2020-08-14,93.1999969482422,0.7337,1242
2020-08-17,96.120002746582,0.9398,1242
2020-08-18,96.7799987792969,0.6653,1242
2020-08-19,90.5,0.3985,1242
2020-08-20,88.879997253418,0.4373,1242
2020-08-21,87.5999984741211,0.4718,1242
2020-08-24,87.0100021362305,0.3499,1242
2020-08-25,89.7900009155273,0.4341,1242
2020-08-26,91.129997253418,0.5815,1242
2020-08-27,90.6999969482422,0.3607,1242
2020-08-28,91.1999969482422,0.7676,1242
2020-08-31,93,0.2513,1242
2020-09-01,91.0100021362305,0.3206,1242
2020-09-02,92.1900024414062,0.9191,1242
2020-09-03,95.129997253418,0.8208,1242
2020-09-04,94.3099975585938,0.5685,1242
2020-09-08,92.2399978637695,0.623,1242
2020-09-09,93.5,0.6982,1242
2020-09-10,93.3099975585938,0.1609,1242
2020-09-11,91.1600036621094,0.2722,1242
2020-09-14,91.2200012207031,0.7177,1242
2020-09-15,94.2099990844727,0.377,1242
2020-09-16,94.9300003051758,0.8716,1242
2020-09-17,94.0100021362305,0.3353,1242
2020-09-18,93.8899993896484,0.6997,1242
2020-09-21,90.9499969482422,0.3639,1242
2020-09-22,90.7099990844727,0.4969,1242
2020-09-23,91,0.1875,1242
2020-09-24,86.870002746582,0.2425,1242
2020-09-25,86.4499969482422,0.8634,1242
2020-09-28,89.7900009155273,0.662,1242
2020-09-29,91.8499984741211,0.3701,1242
2020-09-30,91.5500030517578,0.7703,1242
2020-10-01,94.1100006103516,0.5591,1242
2020-10-02,93,0.8142,1242
2020-10-05,96.6100006103516,0.6486,1242
2020-10-06,97.4100036621094,0.5427,1242
2020-10-07,95.9199981689453,0.834,1242
2020-10-08,97.2699966430664,0.7928,1242
2020-10-09,99.3499984741211,0.4502,1242
2020-10-12,98.9199981689453,0.4414,1242
2020-10-13,99.3300018310547,0.6701,1242
2020-10-14,97.6100006103516,0.5877,1242
2020-10-15,95.370002746582,0.6159,1242
2020-10-16,95.9100036621094,0.4891,1242
2020-10-19,95.2600021362305,0.109,1242
2020-10-20,91.9599990844727,0.4979,1242
2020-10-21,92.0400009155273,0.2124,1242
2020-10-22,92.0599975585938,0.4577,1242
2020-10-23,94.5100021362305,0.2882,1242
2020-10-26,94.0999984741211,0.3168,1242
2020-10-27,91.7399978637695,0.5326,1242
2020-10-28,89.620002746582,0.2165,1242
2020-10-29,85.3300018310547,0.6722,1242
2020-10-30,86.0299987792969,0.1282,1242
2020-11-02,86.9000015258789,0.8865,1242
2020-11-03,88.9499969482422,0.9415,1242
2020-11-04,92.3300018310547,0.4558,1242
2020-11-05,93.5299987792969,0.9419,1242
2020-11-06,95.1600036621094,0.3814,1242
2020-11-09,104.839996337891,0.8026,1242
2020-11-10,107.519996643066,0.8567,1242
2020-11-11,108.980003356934,0.6256,1242
2020-11-12,103.76000213623,0.871,1242
2020-11-13,106.199996948242,0.9345,1242
2020-11-16,109.699996948242,0.7983,1242
2020-11-17,108.800003051758,0.7218,1242
2020-11-18,110.470001220703,0.7252,1242
2020-11-19,109.75,0.5474,1242
2020-11-20,114.98999786377,0.6774,1242
2020-11-23,110.220001220703,0.5556,1242
2020-11-24,109.949996948242,0.7789,1242
2020-11-25,112.040000915527,0.2552,1242
2020-11-27,111.800003051758,0.394,1242
2020-11-30,108.440002441406,0.5563,1242
2020-12-01,108.629997253418,0.8308,1242
2020-12-02,110.069999694824,0.7187,1242
2020-12-03,111.23999786377,0.9204,1242
2020-12-04,113.51000213623,0.9578,1242
2020-12-07,114.440002441406,0.6222,1242
2020-12-08,112.51000213623,0.8859,1242
2020-12-09,113.629997253418,0.4259,1242
2020-12-10,112.980003356934,0.294,1242
2020-12-11,112.059997558594,0.5155,1242
2020-12-14,113.980003356934,0.1444,1242
2020-12-15,111.660003662109,0.3672,1242
2020-12-16,112.879997253418,0.3785,1242
2020-12-17,114.269996643066,0.8511,1242
2020-12-18,116.709999084473,0.5707,1242
2020-12-21,114.160003662109,0.7866,1242
2020-12-22,116.379997253418,0.4616,1242
2020-12-23,117.220001220703,0.7718,1242
2020-12-24,118.290000915527,0.4117,1242
2020-12-28,119.459999084473,0.9496,1242
2020-12-29,122.589996337891,0.2093,1242
2020-12-30,121.470001220703,0.9089,1242
2020-12-31,122.449996948242,0.6239,1242
2021-01-04,122.540000915527,0.5619,1242
2021-01-05,117.040000915527,0.6882,1242
2021-01-06,115.900001525879,0.4349,1242
2021-01-07,121.400001525879,0.6826,1242
2021-01-08,121.959999084473,0.669,1242
2021-01-11,121.319999694824,0.6665,1242
2021-01-12,120.059997558594,0.7315,1242
2021-01-13,119.76000213623,0.4278,1242
2021-01-14,119.410003662109,0.4705,1242
2021-01-15,115.48999786377,0.6328,1242
2021-01-19,117.019996643066,0.4569,1242
2021-01-20,114.180000305176,0.321,1242
2021-01-21,115.290000915527,0.3598,1242
2021-01-22,114.949996948242,0.42,1242
2021-01-25,112.580001831055,0.5948,1242
2021-01-26,113.480003356934,0.3801,1242
2021-01-27,109.580001831055,0.2084,1242
2021-01-28,110.059997558594,0.5927,1242
2021-01-29,111.959999084473,0.573,1242
2021-02-01,112.639999389648,0.4789,1242
2021-02-02,113.470001220703,0.7048,1242
2021-02-03,116.309997558594,0.8503,1242
2021-02-04,118.059997558594,0.4738,1242
2021-02-05,120.199996948242,0.8436,1242
2021-02-08,118.959999084473,0.9763,1242
2021-02-09,120.599998474121,0.2182,1242
2021-02-10,120.610000610352,0.4677,1242
2021-02-11,120.959999084473,0.8413,1242
2021-02-12,120.940002441406,0.6928,1242
2021-02-16,119.160003662109,0.8208,1242
2021-02-17,119.339996337891,0.606,1242
2021-02-18,118.309997558594,0.5818,1242
2021-02-19,120.290000915527,0.5558,1242
2021-02-22,118.019996643066,0.3624,1242
2021-02-23,121.550003051758,0.6604,1242
2021-02-24,119.150001525879,0.4067,1242
2021-02-25,123.849998474121,0.457,1242
2021-02-26,119.940002441406,0.3997,1242
2021-03-01,118.25,0.9226,1242
2021-03-02,120.599998474121,0.2498,1242
2021-03-03,114,0.1385,1242
2021-03-04,110.730003356934,0.439,1242
2021-03-05,113.790000915527,0.606,1242
2021-03-08,114.660003662109,0.7323,1242
2021-03-09,122.120002746582,0.7079,1242
2021-03-10,125.339996337891,0.2323,1242
2021-03-11,121.930000305176,0.7213,1242
2021-03-12,121.26000213623,0.9155,1242
2021-03-15,122.620002746582,0.8253,1242
2021-03-16,124.199996948242,0.7229,1242
2021-03-17,122.830001831055,0.8623,1242
2021-03-18,123.080001831055,0.7782,1242
2021-03-19,119.889999389648,0.6292,1242
2021-03-22,122.290000915527,0.4214,1242
2021-03-23,122,0.1387,1242
2021-03-24,116.76000213623,0.4869,1242
2021-03-25,113.680000305176,0.6149,1242
2021-03-26,119.519996643066,0.345,1242
2021-03-29,121.660003662109,0.1092,1242
2021-03-30,118.900001525879,0.2596,1242
2021-03-31,119.910003662109,0.2031,1242
2021-04-01,121.349998474121,0.2091,1242
2021-04-05,121.849998474121,0.2568,1242
2021-04-06,122.730003356934,0.5956,1242
2021-04-07,123.330001831055,0.4537,1242
2021-04-08,124.139999389648,0.913,1242
2021-04-09,127.23999786377,0.71,1242
2021-04-12,128.190002441406,0.5197,1242
2021-04-13,127.980003356934,0.5608,1242
2021-04-14,126.699996948242,0.1935,1242
2021-04-15,128.160003662109,0.8252,1242
2021-04-16,129.509994506836,0.8462,1242
2021-04-19,129.5,0.4619,1242
2021-04-20,126.730003356934,0.1828,1242
2021-04-21,125.150001525879,0.3686,1242
2021-04-22,127.379997253418,0.4842,1242
2021-04-23,127.949996948242,0.6053,1242
2021-04-26,128.600006103516,0.2472,1242
2021-04-27,127.169998168945,0.6097,1242
2021-04-28,128.559997558594,0.6877,1242
2021-04-29,129.059997558594,0.6688,1242
2021-04-30,131.410003662109,0.3698,1242
2021-05-03,131.309997558594,0.6211,1242
2021-05-04,131.149993896484,0.7278,1242
2021-05-05,132.199996948242,0.4092,1242
2021-05-06,129.25,0.4112,1242
2021-05-07,128.559997558594,0.6321,1242
2021-05-10,133.600006103516,0.3684,1242
2021-05-11,130.179992675781,0.3506,1242
2021-05-12,127.730003356934,0.2561,1242
2021-05-13,124.879997253418,0.2205,1242
2021-05-14,126.660003662109,0.6732,1242
2021-05-17,129.149993896484,0.2148,1242
2021-05-18,128.589996337891,0.3362,1242
2021-05-19,123.120002746582,0.4252,1242
2021-05-20,124.629997253418,0.3315,1242
2021-05-21,124.73999786377,0.7291,1242
2021-05-24,123.900001525879,0.6856,1242
2021-05-25,124.540000915527,0.3834,1242
2021-05-26,124.300003051758,0.5001,1242
2021-05-27,126.040000915527,0.7051,1242
2021-05-28,126.959999084473,0.5374,1242
2021-06-01,126.029998779297,0.273,1242
2021-06-02,122.790000915527,0.4937,1242
2021-06-03,119.98999786377,0.3167,1242
2021-06-04,120.430000305176,0.3547,1242
2021-06-07,119.059997558594,0.5512,1242
2021-06-08,120.370002746582,0.5365,1242
2021-06-09,120.879997253418,0.5519,1242
2021-06-10,119.470001220703,0.2618,1242
2021-06-11,119.150001525879,0.6101,1242
2021-06-14,120.169998168945,0.4676,1242
2021-06-15,119.379997253418,0.3756,1242
2021-06-16,119.120002746582,0.4158,1242
2021-06-17,119.059997558594,0.6941,1242
2021-06-18,116.720001220703,0.545,1242
2021-06-21,115.980003356934,0.8805,1242
2021-06-22,119.290000915527,0.8804,1242
2021-06-23,120,0.8357,1242
2021-06-24,122.01000213623,0.8224,1242
2021-06-25,124.089996337891,0.4239,1242
2021-06-28,123.459999084473,0.2553,1242
2021-06-29,122.199996948242,0.2106,1242
2021-06-30,122.449996948242,0.8968,1242
2021-07-01,124,0.9197,1242
2021-07-02,125.129997253418,0.8133,1242
2021-07-06,126.629997253418,0.3771,1242
2021-07-07,127.050003051758,0.7696,1242
2021-07-08,123.309997558594,0.6776,1242
2021-07-09,122.610000610352,0.6807,1242
2021-07-12,123.930000305176,0.3776,1242
2021-07-13,123.959999084473,0.4355,1242
2021-07-14,123.419998168945,0.7938,1242
2021-07-15,123.319999694824,0.5545,1242
2021-07-16,124.080001831055,0.1215,1242
2021-07-19,117.580001831055,0.3253,1242
2021-07-20,115.639999389648,0.7446,1242
2021-07-21,118.959999084473,0.6755,1242
2021-07-22,121.709999084473,0.3068,1242
2021-07-23,122.050003051758,0.3097,1242
2021-07-26,121.529998779297,0.7583,1242
2021-07-27,122.349998474121,0.6393,1242
2021-07-28,121.599998474121,0.5314,1242
2021-07-29,121.349998474121,0.6251,1242
2021-07-30,122.050003051758,0.6499,1242
2021-08-02,123.360000610352,0.2668,1242
2021-08-03,121.620002746582,0.6586,1242
2021-08-04,121.660003662109,0.1755,1242
2021-08-05,119.589996337891,0.8834,1242
2021-08-06,121.01000213623,0.4688,1242
2021-08-09,122.529998779297,0.3803,1242
2021-08-10,121.800003051758,0.8651,1242
2021-08-11,126.180000305176,0.7217,1242
2021-08-12,127.019996643066,0.5974,1242
2021-08-13,125.449996948242,0.2444,1242
2021-08-16,124.639999389648,0.4892,1242
2021-08-17,123.629997253418,0.2288,1242
2021-08-18,120.839996337891,0.314,1242
2021-08-19,123.040000915527,0.866,1242
2021-08-20,121.879997253418,0.1811,1242
2021-08-23,123.769996643066,0.3179,1242
2021-08-24,124.949996948242,0.0813,1242
2021-08-25,123.449996948242,0.3802,1242
2021-08-26,122.76000213623,0.1475,1242
2021-08-27,119.199996948242,0.1464,1242
2021-08-30,119.220001220703,0.2236,1242
2021-08-31,118.300003051758,0.1206,1242
2021-09-01,118.629997253418,0.2772,1242
2021-09-02,117.349998474121,0.3167,1242
2021-09-03,115.910003662109,0.2658,1242
2021-09-07,114.839996337891,0.4908,1242
2021-09-08,114.73999786377,0.3873,1242
2021-09-09,114.370002746582,0.2139,1242
2021-09-10,114.75,0.1154,1242
2021-09-13,113.889999389648,0.1462,1242
2021-09-14,114.48999786377,0.0811,1242
2021-09-15,111.919998168945,0.4285,1242
2021-09-16,113.230003356934,0.3152,1242
2021-09-17,114.199996948242,0.6072,1242
2021-09-20,113.339996337891,0.4896,1242
2021-09-21,114.040000915527,0.4216,1242
2021-09-22,115.120002746582,0.3096,1242
2021-09-23,114.230003356934,0.7782,1242
2021-09-24,114.779998779297,0.7922,1242
2021-09-27,115.75,0.8006,1242
2021-09-28,115.709999084473,0.4886,1242
2021-09-29,115.370002746582,0.4571,1242
2021-09-30,113.400001525879,0.3352,1242
2021-10-01,109.569999694824,0.819,1242
2021-10-04,110.98999786377,0.5722,1242
2021-10-05,109.910003662109,0.0641,1242
2021-10-06,107.669998168945,0.0848,1242
2021-10-07,107.360000610352,0.6013,1242
2021-10-08,108.349998474121,0.2629,1242
2021-10-11,107.680000305176,0.464,1242
2021-10-12,106.080001831055,0.3729,1242
2021-10-13,107.180000305176,0.3815,1242
2021-10-14,105.720001220703,0.8403,1242
2021-10-15,109.150001525879,0.1559,1242
2021-10-18,108.069999694824,0.8497,1242
2021-10-19,109.930000305176,0.3027,1242
2021-10-20,108.819999694824,0.5849,1242
2021-10-21,109.550003051758,0.8959,1242
2021-10-22,110.980003356934,0.5909,1242
2021-10-25,111,0.8711,1242
2021-10-26,113.379997253418,0.427,1242
2021-10-27,113.860000610352,0.2234,1242
2021-10-28,111.470001220703,0.8954,1242
2021-10-29,112.970001220703,0.5097,1242
2021-11-01,113.050003051758,0.5133,1242
2021-11-02,114.949996948242,0.5447,1242
2021-11-03,114.459999084473,0.914,1242
2021-11-04,117.48999786377,0.4781,1242
2021-11-05,118.379997253418,0.699,1242
2021-11-08,119.949996948242,0.5128,1242
2021-11-09,118.680000305176,0.6078,1242
2021-11-10,119.379997253418,0.254,1242
2021-11-11,116.75,0.408,1242
2021-11-12,116.029998779297,0.1769,1242
2021-11-15,116.949996948242,0.4546,1242
2021-11-16,115.900001525879,0.5146,1242
2021-11-17,119.779998779297,0.349,1242
2021-11-18,117.230003356934,0.7723,1242
2021-11-19,115.080001831055,0.5417,1242
2021-11-22,113.800003051758,0.5831,1242
2021-11-23,110.589996337891,0.5365,1242
2021-11-24,114.120002746582,0.7519,1242
2021-11-26,112.199996948242,0.2458,1242
2021-11-29,112.089996337891,0.5736,1242
2021-11-30,110.889999389648,0.3238,1242
2021-12-01,110.980003356934,0.1116,1242
2021-12-02,106.290000915527,0.5826,1242
2021-12-03,110.769996643066,0.374,1242
2021-12-06,111.73999786377,0.375,1242
2021-12-07,110.470001220703,0.6361,1242
2021-12-08,113.930000305176,0.2517,1242
2021-12-09,112.519996643066,0.4823,1242
2021-12-10,113.269996643066,0.6469,1242
2021-12-13,112.360000610352,0.1259,1242
2021-12-14,109,0.4076,1242
2021-12-15,108.860000610352,0.4559,1242
2021-12-16,111.209999084473,0.1984,1242
2021-12-17,108.830001831055,0.259,1242
2021-12-20,106.790000915527,0.2437,1242
2021-12-21,106.769996643066,0.398,1242
2021-12-22,108.699996948242,0.7081,1242
2021-12-23,109.5,0.4327,1242
2021-12-27,110.620002746582,0.9208,1242
2021-12-28,111.970001220703,0.4355,1242
2021-12-29,112.230003356934,0.4356,1242
2021-12-30,113.410003662109,0.6961,1242
2021-12-31,114.269996643066,0.5276,1242
